regime,n,test_oracle_wg_acc_mean,test_oracle_wg_acc_ci,test_oracle_wg_loss_mean,test_oracle_wg_loss_ci,test_overall_acc_mean,test_overall_acc_ci,test_overall_loss_mean,test_overall_loss_ci
erm,10,0.3094444444444444,0.015901234092956823,4.898698234558106,0.2734821185776059,0.9332131048993088,0.0010226038696963752,0.2750341594219208,0.004729684626636018
erm_softclip_p95_a10,10,0.3183333333333333,0.02513682383169518,4.196560907363891,0.34795020816403494,0.9396603546738802,0.0008910054653951403,0.24665625095367433,0.005206452789069363
erm_softclip_p97_a10,10,0.31777777777777777,0.030541567788228603,4.178353905677795,0.43603509667189216,0.9391042981665164,0.0013800089428768468,0.2546373799443245,0.008530313065233188
erm_softclip_p99_a10,10,0.3083333333333334,0.020712774283483084,4.508699893951416,0.2745053752738434,0.9368951006913135,0.000585657297124121,0.2693724900484085,0.003781598304557863
