regime,n,test_oracle_wg_acc_mean,test_oracle_wg_acc_ci,test_oracle_wg_loss_mean,test_oracle_wg_loss_ci,test_overall_acc_mean,test_overall_acc_ci,test_overall_loss_mean,test_overall_loss_ci
erm,10,0.345,0.022670365738471216,1.5571902751922608,0.1187947902296541,0.9420849614267108,0.0009257473886352947,0.14099916219711303,0.0023988274192951113
erm_softclip_p95_a10,10,0.3277777777777778,0.01737252975601011,3.7642910957336424,0.21553920262706533,0.9412684099789599,0.0011603004631099139,0.22950390875339508,0.01325456370732189
erm_softclip_p97_a10,10,0.3327777777777778,0.01959844983161855,3.6649200916290283,0.25859461404849843,0.940116220819557,0.0012082479004129215,0.2282830849289894,0.010812858831894555
erm_softclip_p99_a10,10,0.3344444444444445,0.013482757347034474,2.656751036643982,0.22246990919960663,0.9423705039575194,0.0013127196875363583,0.17333638668060303,0.011143979143557825
