regime,n,test_wilds_wg_acc_mean,test_wilds_wg_acc_ci,test_wilds_wg_loss_mean,test_wilds_wg_loss_ci,test_overall_acc_mean,test_overall_acc_ci,test_overall_loss_mean,test_overall_loss_ci
erm,10,0.2040476190476191,0.008021632381692605,1.503493332862854,0.018210560917591108,0.8977672631594682,0.0005673863665681284,0.2582740843296051,0.001568710578099526
erm_softclip_p95_a10,10,0.0566687552213868,0.0035889566991336185,3.3326704025268556,0.05358028735602838,0.8937801796953252,0.0003639504073997224,0.36199280619621277,0.004618161255249265
