regime,n,test_wilds_wg_acc_mean,test_wilds_wg_acc_ci,test_wilds_wg_loss_mean,test_wilds_wg_loss_ci,test_overall_acc_mean,test_overall_acc_ci,test_overall_loss_mean,test_overall_loss_ci
erm,10,0.16753968253968254,0.011080981008505478,1.639173936843872,0.03971752997816268,0.8983966452886036,7.55754222211661e-05,0.25607511699199675,0.0001500242128745806
erm_softclip_p95_a10,10,0.050238095238095234,0.003343087048727435,3.5625935554504395,0.07250103320026788,0.8935589242199995,0.0002622840053858837,0.3804276168346405,0.005922114370689003
